upc,descrip,price,q,sales,volsales,Nal
8912183002,ARIEL NA CHARDONNAY,3.4988217,1690.140902,5907.500162,600000,0
8912184002,ARIEL NA WHITE ZINF,2.9242632,4472.53533,13050.73035,1587750,1
7774047999,SANTA CLAUSS XMAS B,1.6092622,60.47988796,83.63999939,21470.36047,0
7289000059,AMSTEL BIER,0.99866527,65.97805929,65.88999748,23422.21191,0
7289010011,AMSTEL LIGHT BEER NR,1.0468975,309539.0711,317459.7836,109886372.1,1
7289010016,AMSTEL LIGHT BEER NR,1.0074937,194527.3146,185842.4678,69057198.03,0
948700005,AMSTEL LIGHT BIER,1.1059232,1632.057315,1804.930014,579380.3506,1
7278300200,ANCHOR PORTER,1.2435384,647.7845826,804.9199753,229963.5352,0
7278300300,ANCHOR STEAM ALE NR,,1139.621031,1351.099944,404565.4785,1
7278300100,ANCHOR STEAM BEER NR,1.139625,11048.32611,12503.35971,3922155.854,1
8912185002,ARIEL CABERNET SAUVI,3.5877209,5575.352259,19973.65039,1979250,0
8912181002,ARIEL WHITE NON ALCH,2.3535962,1170.42256,2764.76006,415500,1
3876636120,ASAHI BEER,1.0546736,1481.507336,1558.029951,525935.1221,1
3876630214,ASAHI SUPER DRY BIG,1.2072351,-,458.6899796,134784.1836,0
5230000243,AUGSBURGER BOCK,0.61431485,53880.08345,31915.82884,19127430,0
5230000215,AUGSBURGER BOCK BEER,0.6136933,5986.009472,3610.399911,2125033.41,1
5230000226,AUGSBURGER BOCK BEER,0.52072865,17.99401617,9.369999647,6387.875977,0
5230000207,AUGSBURGER DARK BEER,0.58640701,65.97805929,38.68999791,23422.21191,0
5230000214,AUGSBURGER DARK BEER,0.59949893,36251.94533,20875.85983,12869440.82,1
5230000242,AUGSBURGER DARK BEER,0.61988938,207590.9715,123070.7861,73694796.04,1
8417325130,AUGSBURGER DARK BEER,0.60277337,28634.47833,16397.05959,10165240,1
5230000240,AUGSBURGER GOLDEN,0.62611324,487343.9512,288264.1617,173007104,0
5230000218,AUGSBURGER GOLDEN NR,0.66605473,47.98404312,31.95999908,17034.33594,1
5230000289,AUGSBURGER GOLDEN NR,1.013064,5.498171926,5.570000052,1951.851013,0
5230000211,AUGSBURGER LIGHT BEE,0.58506262,2597.13637,1464.369994,921983.4326,0
8417327130,AUGSBURGER LIGHT BEE,0.58951002,19541.50188,10956.71975,6937233.32,0
5230000349,AUGSBURGER OKTOBERFE,0.66908205,3796.737509,2506.889927,1347841.832,1
5230000201,AUGSBURGER REG BEER,0.56852227,59.9800539,34.09999919,21292.91992,0
5230000208,AUGSBURGER REG BEER,0.61087775,186801.8857,107774.7198,66314669.96,1
8417324130,AUGSBURGER REG BEER,0.6127066,75286.96594,44153.86891,26726873.18,0
9893110006,BADERBRAU BEER NR BT,0.95738101,189213.0823,172548.8594,67170645.27,0
9893110007,BADERBRAU BOCK,0.96684515,11702.10866,11015.32979,4154248.682,1
9893110017,BADERBRAU BOCK,0.97365701,11.99601078,11.67999983,4258.583984,0
2124260003,BALLARD BITTER N.R.,1.0820264,1121.627013,1213.629978,398177.6025,1
8382007331,BASS ALE KING SIZE B,1.3754396,24430.20857,31925.03943,8672724.219,0
8382007531,BASS ALE NR BTL,1.1224102,5434.192961,5985.429989,1929138.545,1
8382007131,BASS ALE NR BTLS,1.1785576,254303.4378,290537.1668,90277722.03,0
8248812400,BECKS DARK,1.0588136,4810.400419,4748.990028,1707692.188,0
8248812650,BECK'S DARK BEER BAM,1.1206607,12618.55469,13875.09009,4479586.922,1
8248812356,BECK'S DARK BEER NR',0.96377647,353594.4212,325117.8748,125526021.8,0
8248812500,BECK'S LIGHT NR BTLS,0.89697486,3790.739442,3365.579942,1345712.541,1
8248812830,BECK'S LIGHT NR BTLS,0.94228923,152019.4494,137658.9072,53966905.62,1
8248812910,BECK'S OKTOBERFEST B,1.0311761,34248.61156,33554.2196,12158257.27,0
8248812920,BECK'S OKTOBERFEST B,1.1653874,29.99002695,34.94999886,10646.45996,0
8248812300,BECK'S REG BEER NR B,0.95763379,506363.626,461657.734,179759088.9,0
8248812345,BECK'S REG BEER NR B,0.97683167,1383368.013,1261322.176,491095647.4,0
8248800009,BECKS REGULAR BEER,1.0895649,85557.95114,91658.49025,30373072.64,0
294,BEER LIMIT,0.26994327,9284.912571,2463.669953,3296144.016,0
9067200001,BEER OF AMERICA SAMP,1.6495483,69.97673512,112.9300098,24841.74048,0
79067200001,BEER OF AMERICA SAMP,1.4956673,10796.41017,15382.20018,3832725.608,0
71969380011,BEERS OF THE WORLD G,1.26148,5358.218152,6706.300236,1902167.459,0
4052210016,BELLS PALE ALE,1.0820264,5.99800539,6.489999771,2129.291992,1
8417332130,BERGHOFF BOCK BEER N,0.72966951,16650.46321,11997.8997,5910914.584,0
8417331130,BERGHOFF DARK BEER N,0.65442181,275764.3027,165660.4378,97896328.83,1
8417324132,BERGHOFF OCTOBERFEST,0.7614032,4240.589906,3198.429905,1505409.444,1
8417323130,BERGHOFF RED BEER,0.76210505,33858.74115,23968.84942,12019853.31,1
8417330130,BERGHOFF REGULAR BEE,0.65708512,596453.671,354465.3472,211741054.8,1
2210000230,BIG BEAR MALT LIQUOR,0.42218581,3742.088854,1583.749964,1328441.552,1
9781644444,BIG SHOULDERS BEER,1.0820264,143.9521294,155.7599945,51103.00781,0
8739699916,BLACK DOG ALE,0.91512364,6279.911721,5642.519862,2229368.718,1
8739699938,BLACK DOG HONEY RASP,0.92886299,1979.341799,,702666.3584,1
8739699922,BLACK DOG PALE ALE,1.1259357,775.242237,870.3699946,275210.9947,0
2124260002,BLACKHOOK PORTER N.R,1.0820264,1529.491378,1654.949957,542969.458,1
7199009561,BLUE MOON ABBEY ALE,0.99866527,29.99002695,29.94999886,10646.45996,0
7199009511,BLUE MOON BELGIAN WH,1.0293378,2531.158297,2558.769911,898561.2207,1
7199009532,BLUE MOON HARVEST PU,1.0641739,1145.619043,1215.549965,406694.7705,1
7199009501,BLUE MOON HONEY BLON,1.0122567,1499.501353,1512.999945,532322.998,1
7199009521,BLUE MOON NUT BROWN,1.009241,1133.623024,1136.609959,402436.1865,1
7199009541,BLUE MOON RASPBERRY,1.0354395,4306.567894,4449.299843,1528831.65,1
78146839357,BLUE RIDGE AMBER LAG,1.1495091,131.9561186,151.779995,46844.42383,1
78146840193,BLUE RIDGE GOLDEN AL,1.1601774,233.9222102,271.6099911,83042.3877,1
78146821155,BLUE RIDGE-WHEAT,1.1468627,125.9581132,144.7899952,44715.13184,0
8982670001,BOHEMIA N.R. BOTTLES,1.0390027,6783.744155,6913.189847,2408229.241,1
5093961207,BOULDER AMBER,0.89171052,2789.072528,2448.749925,990120.7764,0
5093961206,BOULDER BROWN ALE,0.87849545,1397.535264,1213.169959,496125.0342,1
5093961201,BOULDER PALE ALE,0.90274745,2939.022663,2617.589918,1043353.076,1
7289000030,BUCKLER NON ALCOHOLI,0.86740398,11888.04688,10122.09976,4220256.732,1
1820087167,BUD ICE,0.48191705,127493.6044,60892.34986,45260230.63,1
1820000489,"BUDWEISER ""ICE"" DRAF",0.66428822,8163.285427,5421.929704,2897966.402,0
1820000646,"BUDWEISER ""ICE"" DRAF",0.63118345,77182.33496,47539.66791,27399729.42,1
1820000647,"BUDWEISER ""ICE"" DRAF",0.62789494,10520.50153,6607.730066,3734778.152,1
710,BUDWEISER BEER,0.50495952,215.928194,107.9099979,76654.51172,0
1820000016,BUDWEISER BEER,0.63250071,911570.8895,571693.8297,323607668.5,1
1820000018,BUDWEISER BEER,0.61563581,31669.46856,19358.99934,11242661.43,1
1820000774,BUDWEISER BEER,0.63437462,10113.96992,6409.919503,3590459.382,1
1820000972,BUDWEISER BEER,0.60773921,17517.50788,10600.66913,6218715.4,1
1820011047,BUDWEISER BEER,0.593876,1408199.751,812002.3264,499910916.8,0
1820011168,BUDWEISER BEER,0.47643793,4563642.54,2132987.408,1620093108,1
1820000771,BUDWEISER BEER LONG,0.57558775,17406.212,9874.309737,6179205.371,1
1820000834,BUDWEISER BEER LONG,0.62164909,837099.6528,499436.8469,297170379.1,1
1820000928,BUDWEISER BEER LONG,0.61187005,23.99202156,14.67999935,8517.167969,0
1820000008,BUDWEISER BEER N.R.B,0.67839032,124857.1485,84417.70059,44324287.79,0
1820000126,BUDWEISER BEER N.R.B,0.57753026,4828.394235,2817.990046,1714079.98,0
1820000926,BUDWEISER BEER N.R.B,0.59896785,806467.8376,450085.6791,286296084.9,0
1820000997,BUDWEISER BEER N.R.B,0.64943641,25143.63937,16209.93985,8925992.059,0
1820023920,BUDWEISER DRAFT BALL,0.44757521,11609.58553,5146.889967,4121402.832,0
711,BUDWEISER DRY BEER,0.49974945,167.9441528,81.93000031,59620.17578,1
1820000202,BUDWEISER DRY BEER,0.61795163,34452.54327,21233.19932,12230653.2,0
1820000781,BUDWEISER DRY BEER,0.57800156,81524.89019,46300.57893,28941336.77,0
1820029031,BUDWEISER DRY BEER,0.4873319,9380.88051,4531.799967,3330212.68,1
1820029167,BUDWEISER DRY BEER,0.46422112,193231.7444,88503.82859,68597270.88,0
1820000780,BUDWEISER DRY LONGNE,0.60505885,85627.52635,50066.53894,30397772.52,1
1820000644,BUDWEISER ICE DRAFT,0.59032804,163589.603,89740.25989,58074309.91,1
712,BUDWEISER LIGHT BEER,0.45806894,23.99202156,10.98999977,8517.167969,1
1820000106,BUDWEISER LIGHT BEER,0.63219714,280658.6744,176377.1762,99633831.09,0
1820000117,BUDWEISER LIGHT BEER,0.66941786,9103.639531,6130.270101,3231792.01,0
1820000773,BUDWEISER LIGHT BEER,0.64092731,405.8650322,260.1299801,144082.0881,0
1820000885,BUDWEISER LIGHT BEER,0.64092731,149.2836885,95.67999268,52995.71021,1
1820000902,BUDWEISER LIGHT BEER,0.65093452,9140.960506,5933.759871,3245040.998,0
1820053047,BUDWEISER LIGHT BEER,0.59171367,662383.7423,380935.705,235146232.4,0
1820053168,BUDWEISER LIGHT BEER,0.47562671,1878335.42,878861.1427,666809082.1,1
1820053178,BUDWEISER LIGHT BEER,0.47450069,2039.321859,968.1499939,723959.2773,0
1820000637,BUDWEISER LIGHT CUBE,0.47661677,263.9122391,124.8499985,93688.84766,0
1820000769,BUDWEISER LIGHT LONG,0.57026732,8565.151841,4815.949843,3040628.965,0
1820000830,BUDWEISER LIGHT LONG,.,.,.,.,.
1820000833,BUDWEISER LIGHT LONG,0.61907113,429733.1052,256296.7322,152555254.4,1
1820000877,BUDWEISER LIGHT NR,0.59777409,383824.3709,215390.5881,136257653.5,1
1820057920,BUDWEISER LT DRAFT B,0.44776958,8583.390251,3840.43998,3047103.516,1
1820000051,BUSCH BEER,0.4599894,256660.655,114899.2569,91114533.88,1
1820061047,BUSCH BEER,0.4499132,151173.7309,66990.3197,53666675.46,0
1820061166,BUSCH BEER,0.35081553,26007.35202,9007.239852,9232610.117,0
1820061168,BUSCH BEER,0.35071188,1397967.151,478421.9643,496278344.5,0
1820000031,BUSCH LIGHT BEER,0.48182681,5.99800539,2.889999866,2129.291992,1
1820000188,BUSCH LIGHT BEER,0.45802721,90893.7752,40745.53871,32267290.89,0
1820000801,BUSCH LIGHT BEER,0.44833463,58396.58132,25830.1597,20730786.87,0
1820086167,BUSCH LIGHT BEER,0.35039827,801237.5706,274451.5255,284439342.2,1
7336088301,CARLINGS BLK LABEL L,0.37470788,47.98404312,17.97999954,17034.33594,0
7336088751,CARLINGS BLK LABEL L,0.42625278,89.97008085,38.04999852,31939.37988,1
7272001431,CARLINGS BLK LABEL R,0.42185366,17472.19013,7334.669902,6202627.587,1
7272001435,CARLINGS BLK LABEL R,0.37261227,1295.56917,475.0299873,459927.0703,1
7336039751,CARLINGS BLK LABEL R,0.4318102,773.7427068,334.1099927,274678.667,0
1820000846,CARLSBERG BEER,1.0820264,3988.673606,4315.849922,1415979.175,1
7454900020,CARTA BLANCA BEER N.,1.0375671,41.98603773,43.62999868,14905.04395,1
8982600200,CARTA BLANCA BEER N.,1.0295397,179.9401617,185.3999963,63878.75977,0
8982660001,CARTA BLANCA N.R. BT,0.99374944,4624.462204,4472.469862,1641684.126,0
7199080003,CASTLEMAINE XXXX,0.99866527,509.8304605,509.1499805,180989.8193,1
73588841206,CELIS GRAND CRU ALE,1.1922992,1853.383669,2209.909931,657951.2256,1
73588821206,CELIS PALE BOCK,1.1898466,,1356.599957,404565.4785,0
73588851206,CELIS RASPBERRY,1.1954107,4990.340507,5973.659815,1771570.938,1
73588811206,CELIS WHITE ALE,1.18819,7317.566612,8699.969726,2597736.23,1
7336098671,CHAMPALE EXTRA DRY N,0.92280674,11.99601102,11.07000017,4258.583862,1
7336098678,CHAMPALE GOLDEN N R,0.92280674,35.98803306,33.21000051,12775.75159,1
7336098621,CHAMPALE PINK N.R.BT,0.92280674,19.9933517,.,7097.639771,1
2017224253,CHERRY RAIL BEER,1.1653874,5.99800539,6.989999771,2129.291992,0
9781611110,CHICAGO'S LEGACY LAG,0.93197644,11.99601078,11.17999935,4258.583984,0
4257205715,CLAUSTHALER GERMAN N,0.99608898,88050.7207,86096.16936,31258006.51,1
7231163029,CLAUSTHALER GERMAN N,0.97324127,61533.53817,59022.50846,21844406.56,1
8178051239,COLD SPRING PALE ALE,0.89481723,1085.638982,959.6899693,385401.8506,0
8178052250,COLD SPRINGS RIVER R,0.90404749,1259.581141,1134.399961,447151.3184,1
7125000019,COLT 45 BEER NR BTL.,0.54754722,18303.91291,10069.62996,6497889.127,1
7125000018,COLT 45 QT,0.37137344,48746.45746,18103.13979,17304992.46,0
8952341503,COOPERS STOUT,1.1086675,809.7307315,888.149971,287454.4189,0
7199084004,COORS ARTIC ICE CANS,0.6400044,107.964097,69.20999908,38327.25586,1
7199084009,COORS ARTIC ICE CANS,0.53265512,575.8085194,305.7599964,204412.0313,1
7199084001,COORS ARTIC ICE NR B,0.64847422,1841.387697,1109.419981,653692.6426,0
720,COORS BEER,0.46848905,95.96808624,44.95999813,34068.67188,1
7199000007,COORS BEER,0.63497955,9938.694961,6318.779773,3528236.83,1
7199000027,COORS BEER,0.62307131,65378.25935,40518.84859,23209282.72,1
7199000047,COORS BEER,0.54329008,369297.1991,185797.9263,131100508.2,1
7199010001,COORS BEER,0.6395613,16901.04674,10555.53015,5999871.551,1
7199011600,COORS BEER,0.46891445,675591.3489,306942.6965,239834933.2,1
7199000021,COORS BEER N.R.BTLS,0.6338774,251.9162283,159.1800003,89430.26367,0
7199000041,COORS BEER N.R.BTLS,0.5919475,2771.078529,1555.269938,983732.8984,0
8780000004,COORS CAN,0.46664813,6392.874387,2897.329994,2269470.405,1
7199077005,COORS CUTTER NON-ALC,0.6035468,261279.1182,150245.6649,92754088.65,0
721,COORS EXTRA GOLD BEE,0.54143,23.99202156,12.98999977,8517.167969,0
7199090002,COORS EXTRA GOLD BEE,0.4617666,101174.3561,45915.0492,35916897.35,0
7199090014,COORS EXTRA GOLD BEE,0.63116497,12193.94508,7671.250049,4328850.621,0
7199091200,COORS EXTRA GOLD BEE,0.61385059,13069.65382,8007.259681,4639727.251,0
7199091400,COORS EXTRA GOLD BEE,0.5254631,58252.62915,29147.64923,20679683.85,0
8780000005,COORS LIGHT,0.47143734,8482.179697,3922.389987,3011173.789,1
7199000028,COORS LIGHT BEER,0.62487662,125736.1888,78011.54769,44636348.06,.
7199000048,COORS LIGHT BEER,0.55705023,731336.8157,378390.7748,259624573.3,1
7199030001,COORS LIGHT BEER,0.64622825,7418.86647,4756.470093,2633697.565,1
7199031600,COORS LIGHT BEER,0.47291827,1265003.362,581894.4678,449076199.4,1
7199000025,COORS LIGHT BEER N.R,0.64060974,281.9062562,180.6299987,100076.7236,0
7199036400,COORS LIGHT BEER N.R,0.60483843,12739.76361,7477.389742,4522616.193,.
7199030004,COORS LIGHT BEER PAR,0.44837898,8535.078903,3814.449957,3029953.012,0
7199030005,COORS LIGHT LONGNECK,0.62584764,249607.0001,149148.1266,88610486.46,0
4327900100,COORS PARTY BALL TAP,0.87336624,2627.126365,2286.809847,932629.8926,1
7199038006,COORS RED LIGHT LNNR,0.6652211,155.9481401,103.739994,55361.5918,0
7199038011,COORS RED LIGHT NR B,0.66605473,23.99202156,15.97999954,8517.167969,0
7199010005,COORS REG BEER PARTY,0.43872246,7378.713387,3211.01997,2619443.252,1
7199010006,COORS REGULAR LONGNE,0.61695516,140479.2868,81569.73817,49870147.83,0
7199009001,COORS WINTERFEST BEE,0.83154064,10706.43988,8897.899992,3800786.215,1
8066095603,CORONA BIG BTL.,1.18374,7160.452531,8488.079945,2541960.645,1
8066095605,CORONA EXTRA BEER NR,0.96648461,1108713.338,1028249.261,393593238.1,0
8066095615,CORONA EXTRA BEER NR,0.94778055,466980.7207,421568.9275,165778157.8,1
8066095625,CORONA EXTRA LIGHT N,0.95597613,168639.9224,156235.1379,59867173.76,1
8066095401,CORONITA N.R. BOTTLE,1.5444542,314.8953097,484.6000257,111787.8341,0
8382008131,COUNTRY CHASE ALE,1.2487484,893.7028117,1116.009975,317264.5078,0
73321003102,DEVIL MOUNTAIN BLK H,0.93652344,2585.140345,2391.689932,917724.8486,0
73321001102,DEVIL MOUNTAIN FIVE,.,4156.617807,3806.559936,1475599.352,1
73321002102,DEVIL MTN RAILROAD G,0.93543291,2885.040628,2642.689941,1024189.448,1
8239300039,DIXIE BLACKENED VOOD,1.1653874,353.8823204,412.4099884,125628.2275,1
3828194001,DOM MICRO BREW MIX N,1.1619884,157855.5114,182003.1222,56038706.65,1
75089900001,DORTMUNDER BEER,1.2487484,5.99800539,7.489999771,2129.291992,0
7231195220,DOS EQUIS AMBER,1.1722528,282.2394905,328.8600018,100195.0195,1
7231133140,DOS EQUIS AMBER LNNR,1.0493239,1415.529275,1459.819969,502512.9102,1
7231163011,DOS EQUIS BEER,0.96615708,143532.2714,134352.4773,50953957.44,0
7231163012,DOS EQUIS BEER,0.98951334,16770.42327,16194.6396,5953500.41,0
8590200015,DOS EQUIS BEER,0.93197644,11.99601078,11.17999935,4258.583984,1
8954019937,DOUBLE DIAMOND BEER,1.2487484,1463.513318,1827.559946,519547.2461,1
9651312353,DUSSELDORFER AMBER A,1.1653874,119.9601078,139.7999954,42585.83984,0
9651312357,DUSSELDORFER DARK AL,1.1653874,41.98603773,48.9299984,14905.04395,1
9651312352,DUSSELDORFER PALE AL,1.1653874,65.97805929,76.88999748,23422.21191,0
8370601415,DUVEL BELGIUM SPECIA,1.5821925,47.98404312,75.91999817,17034.33594,1
1820000847,ELEPHANT BEER,1.0820264,5.99800539,6.489999771,2129.291992,0
1820000610,ELEPHANT RED ALE,1.0820264,65.97805929,71.38999748,23422.21191,0
1820000622,ELK MOUNTAIN AMBER A,0.88064361,347.8843141,301.2199907,123498.9355,0
1820000618,ELK MOUNTAIN RED LAG,0.92453551,1277.575154,1178.369956,453539.1943,0
6206705172,end,0.90799826,29354.23893,25702.84959,10420755.02,1
7089701331,FOSTER'S LAGER,1.0792111,70772.30334,76027.35243,25124167.97,0
7089718331,FOSTER'S LAGER,1.120814,495.6685364,548.8700233,175962.3331,1
7231113003,FOSTER'S LAGER,1.1015949,43987.45863,45961.00075,15615547.98,0
7089701123,FOSTERS LAGER 6PK NR,1.0185779,82832.45548,82616.37726,29405522.42,1
7089716123,FOSTERS LAGER 6PK NR,1.0405651,587.8045287,611.8199549,208670.6152,1
7231163006,FOSTERS LAGER 6PK NR,1.0453475,287.9042597,301.1199765,102206.0156,0
8839400017,FRANZISKANER HEFE-WE,1.2316881,13142.42146,16234.49012,4665559.668,1
943922532,FULLERS EXTRA BEST S,1.2810328,1421.527283,1814.129946,504642.2021,1
3692011118,GOOSE ISLAND,0.87362373,23.99202156,20.95999908,8517.167969,0
3692011111,GOOSE ISLAND ALE,0.89386857,53.98204851,47.50999784,19163.62793,0
73692011125,GOOSE ISLAND BLONDE,0.99837333,3352.885059,3343.84989,1190274.226,1
73692011121,GOOSE ISLAND HEXNUT,0.99500453,27572.83131,27344.38918,9788355.305,1
73692011111,GOOSE ISLAND HONKERS,0.92928112,174847.8606,158359.6391,62070991.12,1
3692011115,GOOSE ISLAND KILGUBB,0.98477179,53.98204899,52.90999794,19163.62793,1
73692011115,GOOSE ISLAND KILGUBB,0.95340389,21898.71812,20638.86967,7774045.078,1
73692011118,GOOSE ISLAND SEASONA,0.90986913,36785.76805,32188.34985,13058947.81,1
73692011122,GOOSE ISLAND SEASONA,0.97470218,23068.32938,22523.42973,8189257.014,1
1604110011,GRANTS SCOTTISH ALE,1.3916531,47.98404312,66.91999817,17034.33594,1
8374100005,GROLSCH BEER N.R.BTL,1.0603524,52614.50393,54940.40935,18678149.36,0
8374100007,GROLSCH SWING TOP BE,1.4132688,9538.161762,13010.66974,3386047.39,0
8328000001,GUINESS STOUT,1.3644356,9797.333769,13069.89982,3478053.539,0
8382012455,GUINESS STOUT,1.5269698,17850.3226,26000.13931,6336864.609,0
1969380011,GUINESS STOUT GIFT B,1.2587838,2111.297904,2647.360099,749510.7632,1
8382012360,GUINNESS PUB DRAUGHT,1.2087753,84271.98025,100472.6005,29916552.79,1
8382012393,GUINNESS STOUT N.R.B,1.2674755,264560.0273,323556.0732,93918811.28,0
8248812700,HAACK-BECK NON-ALCHL,1.067212,56291.28127,59345.99831,19983405.37,0
4948318000,HACKER PSCHOOR NR BT,1.363547,5572.147032,7595.709789,1978112.261,0
4948308600,HACKER PSCHORR DARK,1.3321095,179.9401617,239.6999931,63878.75977,1
4948311200,HACKER-PSCHORR WEISS,1.4154705,2225.260027,3149.789925,789967.3291,1
2210000600,HAMMS BEER,0.48194066,14311.24106,6898.319811,5080490.693,0
2210018500,HAMMS BEER,0.45381752,851.7167683,372.0899811,302359.4629,1
2210018510,HAMMS BEER,0.33161864,223749.5969,71853.06865,79431108.45,1
2210000640,HAMMS DRAFT BEER,0.48014355,2099.301903,1008.839967,745252.1973,0
2210018570,HAMMS DRAFT BEER,0.40496793,347.8843203,136.9699945,123498.9375,0
2210018580,HAMMS DRAFT BEER,0.33051899,163409.6614,52836.89897,58010431.07,1
2210000700,HAMMS LIGHT BEER,0.48182681,1001.666905,482.6299815,355591.7627,0
2210021500,HAMMS LIGHT BEER,0.46598822,95.96808624,44.71999741,34068.67188,0
2210021510,HAMMS LIGHT BEER,0.32963181,72791.79449,23362.0295,25841087.66,1
8769280102,HARD CORE APPLE CRAN,1.1653874,11.99601078,13.97999954,4258.583984,0
8769281102,HARD CORE CRISP HARD,1.1653874,35.98803282,41.93999863,12775.75195,0
8382023471,HARP IRISH LAGER BTL,1.3701297,7168.849455,9617.169605,2544941.604,1
8382023473,HARP LAGER NR BTLS,1.1211511,154856.5063,167119.4161,54974060.74,0
7289000011,HEINEKEN BEER N.R.BT,1.0573539,1339876.474,1358994.081,475656151.2,0
7289000012,HEINEKEN DARK BEER N,1.0124905,60088.01862,59036.37815,21331247.19,0
307,HEINEKEN KINGSIZE CA,0.45596623,107.8808022,49.19000006,38297.68311,1
7289000007,HEINEKEN KINGSIZE N.,1.1241575,88109.5028,98669.22061,31278873.49,0
7289000016,HEINEKEN NR BTLS.,1.0266199,966818.5176,921967.4081,343220576.9,1
7199066200,HERMAN JOSEPHS SPECI,0.83194321,5.99800539,4.989999771,2129.291992,0
8500000320,HORNSBYS DARK N DRY,1.0702751,26661.13427,28371.03916,9464702.911,0
8500000168,HORNSBY'S DRAFT CIDE,1.0711002,72030.04796,76597.98792,25570667.57,0
1820000649,ICE DRAFT LIGHT,0.59211248,7425.530834,3614.679975,2636063.48,1
1820000651,ICE DRAFT LIGHT,0.66426837,4276.577895,2840.869838,1518185.19,1
1820084167,ICE DRAFT LIGHT,0.51008362,12235.93111,6225.859968,4343755.668,1
3410000894,ICEHOUSE 22OX NR,0.8675611,27.49086022,23.85000062,9759.255249,0
3410000879,ICEHOUSE CAN,0.6559577,9974.683104,6535.269814,3541012.587,1
7089713123,JOHN COURAGE AMBER B,1.0992905,1583.473431,1730.359943,562133.0859,1
7031037037,JW DUNDEE HONEY BROW,0.83194321,239.9202185,199.5999956,85171.67969,1
8382072553,KALIBER NON-ALCH NR,0.81866068,106746.5039,86179.31895,37895009.66,1
7199047506,KEYSTONE DRY BEER,0.35023871,6549.821924,2271.769945,2325186.855,1
7199048006,KEYSTONE LIGHT BEER,0.35069188,187233.739,64834.04867,66467978.92,0
723,KEYSTONE REGULAR BEE,0.37470788,23.99202156,8.989999771,8517.167969,0
7199047006,KEYSTONE REGULAR BEE,0.35003322,135243.0271,46727.43892,48011275.86,1
7199076502,KILLIAN'S IRISH BRWN,0.81886375,803.7327304,651.849988,285325.127,0
7199070002,KILLIAN'S IRISH RED,0.83000481,562654.9092,445468.19,199742494.4,1
7199070012,KILLIAN'S IRISH RED,0.95780683,1997.335801,1897.389983,709054.2152,1
7199070015,KILLIAN'S IRISH RED,0.93906218,165.9448169,153.3700002,58910.41046,0
7199076400,KILLIAN'S RED NR 12O,0.83109409,37043.6819,29797.96973,13150507.36,0
7199076601,KILLIAN'S WILDE HONE,0.82504833,19277.5896,15500.6396,6843544.476,1
7336043668,KINGSBURY N/A LONGNE,0.64239204,24483.85836,15505.33976,8691769.92,1
7336043333,KINGSBURY NON/ALCOHO,0.43215951,3670.779331,1553.709919,1303126.699,0
7336043611,KINGSBURY NON/ALCOHO,0.60840112,16818.40738,9811.359952,5970534.752,0
7336043751,KINGSBURY NON/ALCOHO,0.55981266,14875.05354,8189.879836,5280644.14,0
4006311696,KIRIN BEER NR BTL,0.89605653,7491.508775,6687.809871,2659485.698,1
4006315706,KIRIN DRY BEER NR BT,0.85478735,1949.351765,1660.449967,692019.8975,1
4006311676,KIRIN LIGHT BEER NR,0.83194321,17.99401617,14.96999931,6387.875977,0
75889620100,KOZEL PREMIUM CZECH,1.3896127,4592.456212,6356.799716,1630321.979,1
6206705155,LABATT BLUE,0.885351,21882.72328,17798.80999,7768366.769,1
6206701171,LABATTS '50' ALE NR,0.8144291,5716.099195,4474.819865,2029215.27,0
6206704971,LABATTS BLUE LIGHT N,0.8309527,12985.68184,10487.03969,4609917.174,1
6206704972,LABATTS BLUE LIGHT N,0.99866527,17.99401665,17.96999931,6387.875977,0
6206738072,LABATTS BLUE NR BTLS,0.85949177,12871.71969,10779.59967,4569460.618,0
6206705171,LABATTS BLUE REG NR,0.84910035,90186.01066,73432.67838,32016034.44,1
9781611111,LEGACY LAGER BEER,0.9164272,14539.16533,13107.88975,5161403.793,1
9781622222,LEGACY RED ALE,1.0820264,137.9541259,149.2699986,48973.71582,0
3410054574,LEINENKUGEL 125TH AN,1.1561414,4054.651701,4459.530022,1439401.385,1
3410053505,LEINENKUGEL BOCK BEE,0.79558522,26391.22436,19048.60979,9368884.799,1
3410079505,LEINENKUGEL ICE,0.87957996,7701.439005,6637.919962,2734010.917,0
3410000769,LEINENKUGEL LIMITED,1.0749701,232.7559439,249.1799994,82628.36005,1
3410052505,LEINENKUGEL LIMITED,0.78641278,84565.87954,63271.91936,30020887.84,0
3410050528,LEINENKUGEL NR BTLS,0.65446579,63135.00592,39636.33953,22412927.51,0
3410050306,LEINENKUGEL PREM REG,0.52463335,3574.811264,1850.509998,1269058.027,1
3410050505,LEINENKUGEL PREM REG,0.65611827,281324.4535,178071.0173,99870182.51,1
3410050525,LEINENKUGEL PREM REG,0.62418306,16536.50125,9990.900064,5870458.037,0
3410000544,LEINENKUGEL RED,1.0794334,758.7477212,810.0199952,269355.4412,1
3410059505,LEINENKUGEL RED LAGE,0.874713,101810.1456,86456.86987,36142602.36,1
3410059574,LEINENKUGEL RED NR B,0.7973187,23860.06579,18415.94876,8470323.551,1
3410078505,LEINENKUGEL WINTER L,0.86397022,12979.68394,11035.45997,4607787.887,0
3410048505,LEINENKUGELS HONEY W,0.91109473,23704.11779,21570.97957,8414961.964,0
3410051505,LEINNKGL LNGNCK PRM,0.63748002,53310.27264,33117.71942,18925147.24,0
60260010000,LEZAJSK LAGER BEER,1.0693729,10127.03293,10822.81028,3595096.658,0
8813041888,LITTLE KINGS CREAM A,0.41713867,63.31227684,26.40999937,22475.85889,1
8813040389,LITTLE KINGS CRM ALE,0.77368659,37409.55935,28303.78905,13280393.8,0
8769290102,LONGSHOT AMERICAN PA,1.044073,4456.518036,4649.029892,1582063.95,1
8769291100,LONGSHOT BLACK LAGER,1.0820264,41.98603821,45.43000031,14905.04395,1
8769291102,LONGSHOT BLACK LAGER,1.0434725,2987.006704,3109.479918,1060387.412,1
8769292100,LONGSHOT HAZELNUT BR,1.0627892,89.97008085,95.84999657,31939.37988,0
8769292102,LONGSHOT HAZELNUT BR,1.0443054,6075.979511,6328.36985,2156972.788,1
3410021579,LOWENBRAU BEER,0.85427219,21804.75056,18501.08996,7740686.458,1
3410021505,LOWENBRAU BEER NR BT,0.67256641,732110.5626,463171.7124,259899251.8,1
3410021525,LOWENBRAU BEER NR BT,0.63187671,11.99601078,7.579999924,4258.583984,0
3410022505,LOWENBRAU DARK BEER,0.64113802,110435.2771,68022.19813,39204524.22,0
3410022525,LOWENBRAU DARK BEER,0.58186007,11.99601078,6.979999542,4258.583984,0
3410023505,LOWENBRAU LIGHT NR B,0.63393158,85411.59828,52016.22871,30321118.01,0
3410021526,LOWENBRAU SPECIAL NR,0.69939917,539.8205051,377.5500088,191636.2773,0
3410021528,LOWENBRAU SPECIAL NR,0.67616791,218687.2815,142452.7408,77633986.21,1
7231163018,MACKESON STOUT NR BT,1.2479148,55.98138475,69.8599968,19873.39136,0
3410000091,MAGNUM MALT LIQUOR,0.36612171,15258.25903,5297.069875,5416681.997,0
8834510002,MCEWANS SCOTCH ALE N,1.2413931,1877.3757,2324.369936,666468.3936,0
8834510050,MCEWANS SCOTCH ALE N,1.3321095,5.99800539,7.989999771,2129.291992,1
3410000104,MEISTER BRAU BEER,0.38303834,234869.902,84104.3781,83378816.06,0
3410029306,MEISTER BRAU BEER,0.3236762,301195.8443,93605.95867,106924526.6,1
3410029602,MEISTER BRAU BEER,0.35422295,106656.5344,37147.42879,37863070.35,0
7031033006,MICHAEL SHEA'S IRS A,0.80545717,34428.55138,27273.7092,12222136.06,1
7031000030,MICHEAL SHEAS VARIET,0.83277678,71.97606564,59.93999577,25551.50391,1
1820041218,MICHELOB,0.53312141,7953.355444,4196.519985,2823441.206,1
1820000869,MICHELOB CLASSIC DAR,0.65006536,69318.94929,43204.31916,24608227.58,1
1820000182,MICHELOB DRY CANS,0.68189329,1055.648957,717.1399708,374755.3906,0
1820000770,MICHELOB DRY LONGNEC,0.61448854,13663.45644,8094.10997,4850527.166,1
1820000800,MICHELOB DRY LONGNEC,0.67569119,58330.60323,38404.72939,20707364.64,0
1820000814,MICHELOB DRY LONGNEC,0.61613512,56153.32778,33415.96961,19934431.67,1
1820000670,MICHELOB GOLDEN DRAF,0.64767319,73691.49577,45029.06821,26160481.46,1
1820000695,MICHELOB GOLDEN DRAF,0.59442002,357241.2098,195674.197,126820631.3,1
1820000696,MICHELOB GOLDEN DRAF,0.66714483,1319.561204,879.5999508,468444.2383,1
1820000699,MICHELOB GOLDEN DRAF,0.59719342,577691.9079,312898.6164,205080629.3,0
1820000700,MICHELOB GOLDEN DRAF,0.64712238,8943.026222,5618.659758,3174774.364,0
1820000701,MICHELOB GOLDEN DRAF,0.49377525,863.7128153,429.3800182,306618.043,0
1820092867,MICHELOB GOLDEN DRAF,0.47626939,1219490.496,567465.441,432919131.8,1
1820092876,MICHELOB GOLDEN DRAF,0.49780485,19433.53782,9581.720045,6898906.07,1
1820096867,MICHELOB GOLDEN DRAF,0.47567448,831707.4391,388944.0001,295256145.4,0
1820000759,MICHELOB GOLDEN DRFT,0.64959812,115815.489,70220.86741,41114499.13,0
1820043218,MICHELOB LIGHT,0.52679348,2105.299984,1092.830006,747381.5,1
1820000884,MICHELOB LIGHT BEER,0.64515579,119552.2458,70965.84003,42441048.09,1
1820000956,MICHELOB LIGHT BEER,0.66535807,246805.9311,155565.3972,87616107.02,1
1820043273,MICHELOB LIGHT BEER,0.49933264,59.9800539,29.94999886,21292.91992,0
1820000019,MICHELOB REGULAR BEE,0.69069856,2621.128382,1797.629935,930500.6006,0
1820000891,MICHELOB REGULAR BEE,0.65884095,395640.4418,238759.7704,140452358.7,0
1820000987,MICHELOB REGULAR BEE,0.67182136,736549.0864,466412.874,261474928,1
1820000988,MICHELOB REGULAR BEE,0.96375942,4513.499419,4353.300088,1602292.286,1
1820041047,MICHELOB REGULAR BEE,0.66020864,3214.930919,2123.319979,1141300.508,0
3410017505,MILLER GEN DRFT LNNR,0.61394,2455118.654,1410313.077,871567122.6,1
3410015505,MILLER GEN DRFT LT L,0.61336702,1119113.882,644767.3375,397285430.3,1
3410015579,MILLER GEN DRFT LT L,0.83214915,50117.33752,40815.96019,17791654.82,0
3410000554,MILLER GENUINE DRAFT,0.63338858,779116.9315,490218.2638,276586513.4,1
3410000559,MILLER GENUINE DRAFT,0.59719855,17590.81658,10505.2102,6244739.959,1
3410000569,MILLER GENUINE DRAFT,0.8675611,471.0100536,408.6299949,167208.5693,1
3410000581,MILLER GENUINE DRAFT,0.71358973,67156.3355,47931.21112,23840499.16,1
3410000904,MILLER GENUINE DRAFT,0.63240904,298634.6967,187796.4364,106015319.2,1
3410015304,MILLER GENUINE DRAFT,0.63521111,29.99002695,19.04999924,10646.45996,1
3410015602,MILLER GENUINE DRAFT,0.58441502,1142008.263,634889.7634,405412937.7,1
3410017306,MILLER GENUINE DRAFT,0.47426748,9145591.02,4222496.284,3246684815,1
3410017525,MILLER GENUINE DRAFT,0.62053001,1010040.15,579191.9893,358564255,0
3410017528,MILLER GENUINE DRAFT,0.57404423,3380032.11,1822240.987,1199911401,0
3410017579,MILLER GENUINE DRAFT,0.83228981,91844.46427,75390.91005,32604784.88,0
3410017602,MILLER GENUINE DRAFT,0.58658457,2101389.261,1167134.565,745993192.6,0
3410015306,MILLER GENUINE DRFT,0.47362673,4618416.326,2134947.137,1639537803,0
3410015525,MILLER GENUINE DRFT,0.61923689,477459.2375,274294.1193,169498030.8,0
3410015528,MILLER GENUINE DRFT,0.57178885,1555102.908,837181.2642,552061535.8,0
3410000004,MILLER HIGH LIFE BEE,0.62108868,208544.6535,128875.7381,74033353.39,1
3410000007,MILLER HIGH LIFE BEE,0.53243238,48167.98211,22861.29954,17099633.74,0
3410001306,MILLER HIGH LIFE BEE,0.46788734,959153.0634,436821.8503,340499341.9,0
3410001602,MILLER HIGH LIFE BEE,0.57428598,414066.3127,226711.4156,146993543.6,0
3410001505,MILLER HIGH LIFE LNN,0.60861945,569906.4973,324082.2534,202316808.4,0
3410000008,MILLER HIGH LIFE N.R,0.66314441,13870.05454,8772.640028,4923869.364,1
3410000031,MILLER HIGH LIFE N.R,0.68124354,90628.53095,56662.95055,32173128.38,1
3410001225,MILLER HIGH LIFE N.R,0.53295493,263.912241,134.8599989,93688.84863,0
3410001525,MILLER HIGH LIFE N.R,0.61448532,305508.413,173938.719,108455487.9,0
3410001528,MILLER HIGH LIFE N.R,0.56639606,633461.3621,339855.5649,224878786.4,1
3410001579,MILLER HIGH LIFE NR,0.8289389,38917.56113,31851.97019,13815734.19,1
731,MILLER HIGH LIFE PAR,0.43314397,29.99002838,12.98999977,10646.45996,0
3410001341,MILLER HIGH LIFE PAR,0.38567725,1743230.382,655746.675,618846778.2,1
3410001347,MILLER HIGH LIFE PAR,0.39238968,269.9102554,105.9099979,95818.13965,0
3410062302,MILLER ICEHOUSE CANS,0.49933264,11.99601078,5.989999771,4258.583984,0
3410062306,MILLER ICEHOUSE CANS,0.48645401,523721.8513,250136.8818,185921260,0
3410062602,MILLER ICEHOUSE CANS,0.6466791,14131.30087,9109.220013,5016611.939,1
3410062505,MILLER ICEHOUSE LN,0.63902384,408272.2446,248863.851,144936647.8,1
3410062528,MILLER ICEHOUSE N.R.,0.5838505,737118.9008,404404.1908,261677211.1,1
3410064306,"MILLER LITE ""ICE""",0.48482499,509230.6702,242210.8617,180776890.6,1
3410064505,"MILLER LITE ""ICE"" L.",0.64656848,184186.7545,112680.0251,65386298.64,1
3410064528,"MILLER LITE ""ICE"" N.",0.57510155,449922.3939,243791.6284,159722451.2,1
3410000369,MILLER LITE 22OZ NR,0.8675611,179.6069512,155.8200035,63760.46704,0
3410000359,MILLER LITE 40OZ NR,0.59716493,7054.320643,4212.230089,2504283.872,0
732,MILLER LITE BEER,0.45806894,23.99202156,10.98999977,8517.167969,0
3410000354,MILLER LITE BEER,0.63286161,1302167.017,816713.323,462269292.7,0
3410000357,MILLER LITE BEER,0.61262196,30861.73727,18633.5594,10955916.79,1
3410057306,MILLER LITE BEER,0.4742713,14091618.45,6539291.425,5002524544,0
3410057602,MILLER LITE BEER,0.58733726,3228798.397,1812962.032,1146223434,1
3410000358,MILLER LITE BEER N.R,0.67511779,14357.8923,9490.010047,5097051.764,0
3410000382,MILLER LITE BEER N.R,0.69234782,125803.5005,86293.7212,44660242.73,0
3410057525,MILLER LITE BEER N.R,0.62166703,792798.3853,456020.5677,281443428.3,1
3410057528,MILLER LITE BEER N.R,0.57335526,2846893.384,1544306.356,1010647153,1
3410064602,MILLER LITE ICE,0.60847378,29438.21087,17326.51006,10450565.11,1
3410057505,MILLER LITE LONGNECK,0.61412573,1874280.786,1082151.671,665369680.4,1
3410057579,MILLER LITE NR BTLS,0.83277929,78293.46971,64295.13018,27794181.79,1
3410000129,MILLER RED DOG CANS,0.66460901,11870.05282,7883.749577,4213868.854,0
3410067306,MILLER RED DOG CANS,0.50632381,218543.3291,108279.9007,77582883.18,0
3410067505,MILLER RED DOG NR BT,0.64479887,144276.0258,91350.19674,51217989.74,0
3410067528,MILLER RED DOG NR BT,0.60556668,353306.5205,200301.7303,125423815.7,1
3410001518,MILLER REG BEER,0.64092731,51.31626892,32.88999748,18217.27612,1
3410032505,MILLER RESERVE LNNR,0.69172603,74597.19443,48567.19923,26482004.55,0
3410016505,MILLER RESERVE LT LN,0.66390198,33055.00817,21093.24961,11734528.17,1
3410071505,MILLER RESERVE VELVE,0.93197644,623.7925615,581.3599691,221446.3672,0
3410070505,MILLER RESEVER AMBER,0.76181,25221.61308,18172.46996,8953672.842,1
3410000304,MILLER SHARP'S N/A C,0.51312816,85555.55038,43933.57962,30372221.01,0
3410010505,MILLER SHARP'S N/A L,0.55772424,1183496.47,654803.7971,420141250.5,0
735,MILWAUKEE'S BEST BEE,0.32781729,95.96808624,31.45999908,34068.67188,0
3410000154,MILWAUKEE'S BEST BEE,0.38682383,470321.6103,174306.4081,166964173.4,1
3410031306,MILWAUKEE'S BEST BEE,0.3197346,700782.9739,218595.3579,248777959.7,1
3410031602,MILWAUKEE'S BEST BEE,0.35718399,270066.1964,95742.59768,95873501.43,1
3410000654,MILWAUKEE'S BEST LIG,0.38607368,210152.1198,78267.47862,74604003.71,0
3410007306,MILWAUKEE'S BEST LIG,0.31915849,431664.46,135636.7579,153240886.4,1
3410007602,MILWAUKEE'S BEST LIG,0.3581363,95272.31903,33950.68895,33821674.04,0
8066095755,MODELO ESPECIAL,0.98950469,6471.847914,6268.209784,2297506.058,0
8066095765,MODELO ESPECIAL,0.99866527,371.8763437,371.3799953,132016.1035,1
8066095785,MODELO NEGRA N.R.BOT,0.96659184,21472.85977,20376.67951,7622865.353,1
6821303112,MOLSON CANADIAN BEER,0.80098546,31057.67244,23187.679,11025473.96,1
6821301112,MOLSON EXPORT ALE NR,0.91285247,9134.962276,8233.269711,3242911.704,1
6821303111,MOLSON EXPORT ALE NR,0.99866527,35.98803234,35.93999863,12775.75195,1
6821302117,MOLSON GOLDEN N.R.'S,0.77256787,230347.4048,163167.867,81773329.93,0
6821302112,MOLSON GOLDEN NR BTL,0.8586418,373783.7089,293887.6501,132693218.7,0
6821309112,MOLSON ICE,0.89452755,131404.3046,109511.5666,46648529.04,0
6821309451,MOLSON ICE BIG CAN,1.0766078,39.98670316,43.20000005,14195.27966,1
6821309117,MOLSON ICE N.R.,0.74580222,115557.5738,82350.30646,41022939.61,1
6821306112,MOLSON LIGHT NR BTL,0.82687283,108467.9312,84866.20649,38506116.45,1
7231163009,MOOSEHEAD BEER NR BT,0.85786837,460676.8158,369261.803,163540271.8,1
7231193040,MOOSEHEAD BEER NR BT,0.76424658,128381.3098,93946.93635,45575365.84,1
7231163075,MOOSEHEAD ICE NR,0.8435213,20837.07101,16978.60961,7397160.393,1
7231163050,MOOSEHEAD LIGHT NR B,0.81200904,47384.24313,37074.98863,16821406.75,1
1975120103,MORETTI N.R. BTLS,1.1903957,29.99002695,35.54999924,10646.45996,0
1975120104,MORETTI N.R. BTLS,1.1297166,677.7746105,763.9699879,240609.9951,1
71975120103,MORETTI N.R. BTLS,1.1544546,15774.75438,17104.99973,5600037.945,0
7527608060,MOUSSY NON-ALCOHOLIC,0.97816658,1753.916794,1712.310062,622640.4526,0
6227405870,MURPHY'S IRISH STOUT,1.2064413,4.965015888,5.990000248,1762.580566,1
76227405870,MURPHY'S IRISH STOUT,1.1828247,2780.408833,3176.900014,987045.1162,0
272500017,MURPHYS IRSH AMBER (,1.0820264,11.99601078,12.97999954,4258.583984,1
60272500017,MURPHYS IRSH AMBER (,1.0781264,3700.769359,3983.829947,1313773.159,1
272500010,MURPHYS IRSH DRAUGHT,1.4134876,12.6707865,17.90999901,4498.129303,1
60272500010,MURPHYS IRSH DRAUGHT,1.4134876,902.4415723,1275.589918,320366.7642,0
8178012141,NAKED ASPEN HONEY WH,1.1653874,287.9042587,335.519989,102206.0156,1
8178012121,NAKED ASPEN PALE ALE,1.1653874,221.9261999,258.6299915,78783.80371,1
8178012111,NAKED ASPEN RASP WHE,1.1653874,401.866363,468.3299847,142662.5635,1
1820015168,NATURAL LIGHT,0.34240547,9860.721066,3181.769951,3500556.035,0
4323700200,NEW AMSTERDAM ALE,0.99866527,35.98803234,35.93999863,12775.75195,0
4323700100,NEW AMSTERDAM BEER,1.0195055,59.9800539,60.89999771,21292.91992,0
4323700008,NEW AMSTERDAM BLACK/,1.0195055,119.9601078,122.7999954,42585.83984,0
4323700007,NEW AMSTERDAM BLONDE,1.0198587,473.8424268,486.2099819,168214.0674,1
4323700300,NEW AMSTERDAM LIGHT,1.1653874,17.99401617,20.96999931,6387.875977,0
8834510005,NEWCASTLE BROWN ALE,1.2308297,12481.84945,15233.78979,4431056.643,0
7336011358,O S RYL AMBR N.R. NO,0.58808124,74681.16637,42706.10841,26511814.63,1
1035700155,O.B. KOREAN IMPORTED,0.83194321,1259.58115,1047.899984,447151.3193,0
1820000784,O'DOUL'S N/A LONGNEC,0.63124526,1150939.297,697065.8488,408583453.8,0
1820079283,O'DOUL'S N/A LONGNEC,0.56761187,3208.932904,1805.989935,1139171.216,0
1820079047,O'DOUL'S NON ALCOHOL,0.58091247,208286.7391,116901.5479,73941793.84,0
1820000157,O'DOUL'S NON-ALCH CA,0.6495204,79455.57883,50666.1778,28206731.07,0
2981520002,OKOCIM POLISH BEER N,0.99750668,31729.44962,31627.59949,11263954.67,1
2210014392,OLD ENGLISH BEER 800,0.47810385,13545.49531,6474.950076,4808650.88,0
2210000392,OLD ENGLISH MALT LIQ,0.56343734,4135.291443,2336.339983,1468028.471,0
5230002553,OLD MILWAUKEE,0.29941502,24591.82332,7366.7002,8730097.246,0
740,OLD MILWAUKEE BEER,0.39554814,23.99202156,9.489999771,8517.167969,1
5230000022,OLD MILWAUKEE BEER,0.46312767,151695.5571,69451.41808,53851923.86,0
5230002540,OLD MILWAUKEE BEER,0.43202916,136070.7521,58373.39885,48305118.17,0
5230002966,OLD MILWAUKEE BEER,0.34799933,833866.7192,282280.3153,296022690.5,1
5230000027,OLD MILWAUKEE BEER N,0.42911977,10886.37963,4690.669966,3864664.807,0
9200000013,OLD MILWAUKEE ICE,0.39846578,23.99202156,9.559999466,8517.167969,0
9200000206,OLD MILWAUKEE ICE,0.3727532,2207.266001,796.5199833,783579.4531,0
5230000002,OLD MILWAUKEE LIGHT,0.46892241,40282.60461,18797.94951,14300325.02,0
5230000540,OLD MILWAUKEE LIGHT,0.43099681,42070.01016,17995.18954,14934854.04,1
5230000966,OLD MILWAUKEE LIGHT,0.34666091,415061.9801,141127.5973,147347006.1,0
5230002554,OLD MILWAUKEE LIGHT,0.29959959,13135.63245,3935.430095,4663149.499,1
5230000350,OLD MILWAUKEE LONGNE,0.51961714,107.964097,56.31999803,38327.25586,1
5230002330,OLD MILWAUKEE LONGNE,0.52134812,515.8284645,268.9999914,183119.1113,0
5230001300,OLD MILWAUKEE N.A. B,0.55140328,19415.54375,10650.27961,6892518.185,1
5230001301,OLD MILWAUKEE N.A. B,0.48678482,21268.92748,10311.17994,7550469.413,1
5230000035,OLD MILWAUKEE N.A. C,0.44610131,281222.4869,125702.4574,99833984.59,0
5230002546,OLD MILWAUKEE N/A BE,0.37388933,51318.93463,19124.05959,18218222.29,1
5230000026,OLD MILWAUKEE-REGULA,0.40026847,8151.95592,3173.899955,2893944.363,1
757,OLD STYLE 30PK CANS,0.36994347,2189.272102,749.6700077,777191.582,1
7336011214,OLD STYLE 30PK CANS,0.37487769,2944420.962,1040743.737,1045269438,1
7336011372,OLD STYLE 30PK CANS,0.36171672,2754104.239,915499.7658,977707002,1
750,OLD STYLE BEER,0.46185806,263.9122372,121.8899965,93688.84766,1
7336011301,OLD STYLE BEER,0.4519105,6424175.912,2748746.235,2280582451,0
7336011341,OLD STYLE BEER,0.58096534,1201112.609,683129.2267,426394981.3,0
7336011347,OLD STYLE BEER,0.5826937,419.8603888,244.6499977,149050.4414,1
7336011670,OLD STYLE BEER,0.74466211,20022.67478,14820.87924,7108049.666,0
7336011751,OLD STYLE BEER,0.61072582,817222.2624,497698.6915,290113905.5,1
7336011754,OLD STYLE BEER,0.53656,453809.0892,214124.8176,161102227.8,0
7336011905,OLD STYLE BEER,0.66101211,72072.03431,47066.5699,25585572.16,0
7336011209,OLD STYLE BEER N.R.B,0.56696242,63675.49049,35556.71984,22604799.45,0
7336011611,OLD STYLE BEER N.R.B,0.63187671,5.99800539,3.789999962,2129.291992,0
7336011638,OLD STYLE BEER N.R.B,0.5660215,155.9481411,88.27000046,55361.5918,0
7336011906,OLD STYLE BEER N.R.B,0.54666406,482011.7229,236410.6386,171114163.5,1
7336097202,OLD STYLE BEER N.R.B,0.49334505,71580.19754,33016.50944,25410970.66,1
7336097347,OLD STYLE BONUS PACK,0.31197351,352730.7027,110039.4648,125219399.8,1
7336011370,OLD STYLE CAN,0.39903584,134035.4328,53402.49108,47582578.8,0
7336011401,OLD STYLE CLASSIC DR,0.61771429,22456.53238,13812.94978,7972069.226,1
7336011402,OLD STYLE CLASSIC DR,0.61853629,10832.39778,6679.189888,3845501.34,0
7336011403,OLD STYLE CLASSIC DR,0.59743208,27662.80105,16395.57937,9820294.67,0
7336011404,OLD STYLE CLASSIC DR,0.59477115,15198.94574,8964.069676,5395625.906,1
7336011405,OLD STYLE CLASSIC DR,0.44450489,242007.528,99961.27884,85912673.43,0
7336011411,OLD STYLE CLASSIC DR,0.59951121,97701.51221,53606.4194,34684037.32,1
7336011421,OLD STYLE CLASSIC DR,0.38020372,135374.9888,50732.12115,48058120.14,0
7336011422,OLD STYLE CLASSIC DR,0.37943378,91139.69659,34099.69067,32354591.68,0
7336011423,OLD STYLE CLASSIC DR,0.27259061,71348.27436,19448.8695,25328637.35,1
7336011424,OLD STYLE CLASSIC DR,0.27259061,37463.54163,10212.20954,13299557.4,0
7336011431,OLD STYLE CLASSIC DR,0.3470307,90030.0647,31049.77893,31960673.04,1
7336011432,OLD STYLE CLASSIC DR,0.34669173,38607.16311,13368.5596,13705542.9,1
7336011439,OLD STYLE CLASSIC DR,0.39948264,14575.15404,5823.710194,5174179.615,0
7336011440,OLD STYLE CLASSIC DR,0.39953846,10596.47689,4233.70014,3761749.238,1
7336011441,OLD STYLE CLASSIC DR,0.35270575,209060.4883,68680.4114,74216472.37,1
7336011442,OLD STYLE CLASSIC DR,0.35128811,122809.1669,40388.05096,43597253.45,0
7336011412,OLD STYLE CLSC DRAFT,0.59342986,52482.54823,28968.99953,18631304.97,0
7336011406,OLD STYLE CLSSC DRFT,0.44494331,89730.16219,38385.60935,31854208.22,0
7336011110,OLD STYLE DRAFT,0.6170789,7653.454912,4708.329755,2716976.582,0
7336011112,OLD STYLE DRAFT,0.51189196,17190.28364,8450.489779,6102550.852,0
7336011114,OLD STYLE DRAFT,0.42045528,285217.1592,115488.0571,101252093.1,1
7336011107,OLD STYLE DRAFT LNNR,0.62086827,5890.041335,3592.77986,2090964.736,1
7336011116,OLD STYLE DRAFT N.R.,0.48473328,19445.5338,8842.299862,6903164.641,1
7336068306,OLD STYLE DRY BEER,0.44540951,16938.36743,7411.939776,6013120.598,1
7336068741,OLD STYLE DRY BEER,0.56989992,5950.02138,3386.839998,2112257.656,1
7336068756,OLD STYLE DRY BEER,0.59548819,5242.256758,3117.219799,1861001.202,0
7336068661,OLD STYLE DRY LONGNE,0.56239659,21064.99544,11139.84013,7478073.494,1
7336011522,OLD STYLE ICE,0.42123792,303691.0164,120791.2977,107810312.5,1
7336011531,OLD STYLE ICE LIGHT,0.55616736,62595.18624,33892.96909,22221291.25,0
7336011542,OLD STYLE ICE LIGHT,0.43853119,1175.609064,510.5099707,417341.2305,1
7336011528,OLD STYLE ICE LN NR,0.57994199,33930.7171,18802.07959,12045404.82,0
7336011523,OLD STYLE ICE NR BTL,0.54523861,7701.438989,4199.759902,2734010.92,0
7336011524,OLD STYLE ICE NR BTL,0.51206177,38147.3149,18746.54966,13542297.08,0
7336035301,OLD STYLE L.A. BEER,0.47345254,36659.80941,17186.09976,13014232.66,1
7336035751,OLD STYLE L.A. BEER,0.60467219,10760.42181,6483.899697,3819949.841,0
7336097104,OLD STYLE LIGHT 30 P,0.35922977,782589.7882,259465.243,277819372.3,0
7336097343,OLD STYLE LIGHT 30 P,0.37485096,951073.7678,336747.7615,337631184.2,1
7336097341,OLD STYLE LIGHT BEER,0.57054991,188985.1562,105005.897,67089732.15,1
7336097348,OLD STYLE LIGHT BEER,0.5826937,47.98404312,27.95999908,17034.33594,0
7336097638,OLD STYLE LIGHT BEER,0.5660215,143.9521294,81.47999954,51103.00781,1
7336097670,OLD STYLE LIGHT BEER,0.70523441,18.66046143,13.15999985,6624.463867,0
7336097751,OLD STYLE LIGHT BEER,0.6071921,177894.8454,102556.7867,63152671.22,1
7336097754,OLD STYLE LIGHT BEER,0.52352327,52470.55147,25313.27965,18627045.87,1
7336097661,OLD STYLE LIGHT LONG,0.59983873,97269.65487,55527.57895,34530728.27,1
7336097356,OLD STYLE LIGHT PART,0.34901941,179972.1516,60784.69954,63890114.4,0
7336097301,OLD STYLE LT BONUS 6,0.44173959,1458043.18,608980.9926,517605333.3,1
7336097305,OLD STYLE LT BONUS 6,0.34783086,841040.3482,283114.2505,298569323.9,1
7336097102,OLD STYLE LT BONUS P,0.39928499,37507.52897,14975.22045,13315172.72,0
7336097345,OLD STYLE LT BONUS P,0.34955901,909697.5323,304381.1331,322942624.6,1
7336011356,OLD STYLE PARTY PACK,0.35071868,678046.5205,229641.8886,240706516.3,1
7336011661,OLD STYLE REG LONG N,0.60769206,524477.6024,297238.4049,186189550.7,0
79709637102,OREGON BLACKBERRY PO,0.91905046,4288.573913,3876.289915,1522443.774,1
9709631767,OREGON BREWERY INDIA,0.83194321,17.99401617,14.96999931,6387.875977,1
79709631767,OREGON BREWERY INDIA,0.89629781,49801.43974,43611.35937,17679511.47,0
79709634767,OREGON BREWERY NUTBR,0.88942069,35622.15467,31001.02956,12645865.17,0
79709633767,OREGON HEFEWEIZEN,0.99866527,485.8384418,485.1899834,172472.6514,1
79709636767,OREGON HONEY RED ALE,0.89179391,22744.43673,19892.87959,8074275.243,0
79709635767,OREGON RASPBERRY WHE,0.90706044,51594.84328,45815.16922,18316169.74,1
79709638102,OREGON SUMMER GOLD,0.99739367,1073.642985,1065.099955,381143.2666,1
7336011425,OS CLASSIC DRAFT 4PK,0.397129,25471.52959,10104.27986,9042393.056,1
7336011426,OS CLASSIC DRFT LT 6,0.39711252,8909.037407,3534.359964,3162708.295,0
2210000071,PABST BEER,0.48553175,4012.665666,1946.929956,1424496.343,0
2210000170,PABST BEER,0.47502881,1511.497372,717.8400035,536581.582,0
2210000171,PABST BLUE RIBBON,0.3328335,17586.15217,5852.669886,6243084.141,0
2210009510,PABST GENUINE DRAFT,0.33293805,1727.425575,574.8599854,613236.0938,1
2210047510,PABST LIGHT,0.31635517,1559.481422,493.3500099,553615.918,1
2210000047,PABST LIGHT BEER,0.48516124,713.7626467,345.3299894,253385.7471,0
8066095301,PACIFICO N.R. BOTTLE,1.0823206,1895.369717,2035.119913,672856.2695,0
8066095855,PERONI BEER,1.3269225,2189.271974,2907.549927,777191.5771,1
8549812345,PETE'S HOLIDAY SAMPL,1.156556,2615.130395,3022.820024,928371.3125,0
4199900007,PETE'S SEASONAL BREW,1.1997006,648.7842828,781.529994,230318.4213,1
8549845670,PETE'S SEASONAL BREW,0.8942647,40708.46369,35430.92986,14451504.79,0
8549866662,PETE'S SEASONAL BREW,0.94339454,7545.490915,7016.619803,2678649.329,1
8549800005,PETE'S WICKED ALE,1.1021955,7484.844664,8024.429932,2657119.858,0
8549873837,PETE'S WICKED ALE,0.9131602,106488.59,94890.41868,37803450.11,1
8549873401,PETE'S WICKED HONEY,0.91630536,28976.36452,26033.56946,10286609.63,1
8549873736,PETE'S WICKED LAGER,0.91140872,8415.201698,7538.169833,2987396.671,1
8549855552,PETES WICKED MAPLE P,0.99211317,3364.881051,3334.869877,1194532.808,1
8549822223,PETES WICKED MULTI G,0.98664206,941.6868529,929.929966,334298.8428,0
8549844442,PETES WICKED OKTOBER,0.99379778,11126.30021,10870.97967,3949836.639,0
8549833332,PETES WICKED PALE AL,0.99103928,4240.589853,4198.399856,1505409.439,0
8549874011,PETE'S WICKED RED,0.91160613,26481.19413,23803.86939,9400824.147,1
8549873942,PETE'S WICKED SEASON,0.95002872,37529.52057,35341.79922,13322980.04,0
8549811113,PETES WICKED STRAW B,0.99041337,7743.42504,7659.38973,2748915.963,0
2791610005,PIKE PLACE PALE ALE,1.1653874,5.99800539,6.989999771,2129.291992,1
7231113001,PILSNER URQUELL NR B,1.2075889,461.846416,561.6299896,163955.4834,0
7231163001,PILSNER URQUELL NR B,1.2415425,36089.99894,44259.44926,12811949.93,1
8873320641,POINT BEER LNNR BTLS,0.68662328,91853.45631,60642.31897,32607977.65,0
8873320622,POINT BOCK BEER,0.70356721,131.9561195,91.37999535,46844.42383,1
8873320648,POINT PALE ALE,0.72484159,1127.625029,803.1099615,400306.8945,1
4948361740,PSCHORR BRAU WEISS N,1.4134876,14413.72377,20373.61897,5116871.977,1
7642091119,PYRAMID APRICOT ALE,1.3321095,149.9501348,199.7499943,53232.2998,1
7642091111,PYRAMID BEST BROWN A,1.3017963,77.97407007,100.869997,27680.7959,0
7642091117,PYRAMID HEFEWEIZEN,1.3321095,173.9421577,231.7099934,61749.46777,1
7642091112,PYRAMID PALE ALE,1.318216,71.97606468,94.87999725,25551.50391,1
7262010106,RANIER DRAFT LIGHT C,0.39882609,879.7075272,345.5600033,312296.166,0
7262010105,RANIER DRAFT REGULAR,0.3931492,1919.361849,744.039999,681373.4478,0
4523810001,RAZOR'S EDGE,1.1814184,203.9321842,240.1599922,72395.92773,0
3410000144,RED DOG 22OZ NR,0.85619366,186.9378455,158.1800029,66362.93542,0
2124222010,RED HOOK DOUBLE BLAC,1.4677606,194.2687417,285.1400027,68965.40277,1
2124260006,RED HOOK ESB N.R.,1.1153073,13843.39659,15193.89958,4914405.921,0
9200000207,RED RIVER LAGER,0.83194321,161.9461455,134.7299938,57490.88379,1
8382056793,RED STRIPE N.R. BTLS,1.1336124,30349.90771,33740.91948,10774217.49,0
1820000613,RED WOLF LAGER LNNR,0.62146777,82232.65567,49958.87039,29192593.24,1
1820000617,RED WOLF LAGER LNNR,0.63399255,107718.182,66944.63747,38239955.02,0
71960700011,RHINO CHASERS AMERIC,0.99866527,17.99401617,17.96999931,6387.875977,1
71960700003,RHINO CHASERS LAGER,0.94702876,1217.595102,1139.449963,432246.2744,0
71960700004,RHINO CHASERS LAGER,0.95698476,101.9660916,97.32999611,36197.96387,0
9530113001,ROGUE ALE,1.4988315,17.99401617,26.96999931,6387.875977,1
9530113008,ROGUE ALE,1.4988315,41.98603773,62.9299984,14905.04395,1
9530113100,ROGUE AMERICAN AMBER,0.99866527,65.97805929,65.88999748,23422.21191,0
9530113017,ROGUE DEAD GUY ALE,2.4499052,60.47989118,148.1699924,21470.36115,1
9530113027,ROGUE HAZELNUT BROWN,2.4499052,20.15996373,49.38999748,7156.787048,0
9530113103,ROGUE OREGON ALE,0.99866527,29.99002695,29.94999886,10646.45996,0
7143922033,ROLLING ROCK KING SI,1.0345094,1785.073138,1834.760002,633700.9634,1
7143934512,ROLLING ROCK NR,0.737315,1091.636998,804.0900021,387531.1445,0
7143934500,ROLLING ROCK PREM BE,0.68673182,317324.484,210681.9358,112650193,0
7143934806,ROLLING ROCK PREM BE,0.70056695,98055.39457,66271.56836,34809665.57,0
8769227102,SAM ADAMS CHERRY WHE,1.0777507,33426.88478,35865.18039,11866544.29,0
8769227200,SAM ADAMS CHERRY WHE,1.2466872,335.3884856,417.2099991,119062.9118,0
8769220012,SAM ADAMS LIGHTSHIP,0.94443387,6225.929662,5815.599826,2210205.089,0
8769228102,SAM ADAMS OLD FEZZIW,1.1064789,7893.375275,8581.900072,2802148.266,0
8769229103,SAM ADAMS WINTER CLA,0.99832892,9548.824804,9538.040079,3389832.852,0
8572511509,SAM SMITH OATMEAL ST,1.3862941,53.98204947,44.70999813,19163.62793,0
8769230030,SAMUEL ADAMS BOSTON,0.91492712,200663.2755,177522.8183,71235463.8,0
8769232022,SAMUEL ADAMS BOSTON,1.0792958,1733.756868,1795.829996,615483.6886,0
8769240020,SAMUEL ADAMS CREAM S,0.9381094,65696.15413,60355.09868,23322135.2,1
8769241022,SAMUEL ADAMS CREAM S,1.0917901,2455.850115,2614.149983,871826.79,1
8769251216,SAMUEL ADAMS CRNBRY,1.1011013,665.7786336,730.0200113,236351.4121,1
8769239102,SAMUEL ADAMS GOLDEN,0.93320614,103447.6016,93876.59865,36723899.06,1
8769240501,SAMUEL ADAMS HONEY P,0.90247822,146495.2871,129079.4585,52005827.79,0
8769241522,SAMUEL ADAMS HONEY P,1.0903658,3375.877543,3602.419973,1198436.528,0
8769211216,SAMUEL ADAMS LAGER K,1.119832,13196.8119,14218.44972,4684868.236,0
8769210012,SAMUEL ADAMS LAGER N,0.90183264,1301135.358,1134981.938,461903054.3,1
8769230060,SAMUEL ADAMS LAGER N,0.83194321,107.964097,89.81999588,38327.25586,1
8769210014,SAMUEL ADAMS LAGERNR,0.90981311,318014.2543,274388.731,112895061.6,0
8769230040,SAMUEL ADAMS OCTOBER,1.0059968,165592.9373,161234.649,58785493.53,1
8769228400,SAMUEL ADAMS OLD FEZ,1.0673949,758.0812895,806.4600325,269118.8605,1
8769226102,SAMUEL ADAMS SCOTCH,0.92984384,55415.57275,50395.96898,19672528.74,0
8769231022,SAMUEL ADAMS SEASONA,0.90973419,342.7193836,311.2500038,121665.3807,1
8769241102,SAMUEL ADAMS SEASONA,1.1534389,713.7626548,824.7799797,253385.7471,1
8769241103,SAMUEL ADAMS SEASONA,0.9994989,23.99202156,23.97999954,8517.167969,0
8769250040,SAMUEL ADAMS SEASONA,1.0802661,18095.98262,18820.89977,6424073.959,0
8769210508,SAMUEL ADAMS WINTER,1.1779872,14363.2236,16609.02002,5098944.418,1
8572501503,SAMUEL SMITH NUT BRO,1.6655536,29.99002695,49.94999409,10646.45996,1
8572501501,SAMUEL SMITH PALE AL,1.9989978,5.99800539,11.98999977,2129.291992,0
8380404545,SANTE BLUSH NON ALCO,2.1728549,2214.084574,4820.400026,786000,1
8380404469,SANTE SPRKLNG NON AL,3.0252678,1609.859198,4847.580122,571500,1
8380404468,SANTE WHITE NON ALCO,2.1686966,1753.521181,3796.380027,622500,0
8797502650,SAPPORO DRAFT BEER C,1.0945138,40343.75258,42947.74936,14322032.16,0
8797501350,SAPPORO DRAFT BEER N,0.94877839,17508.17794,16409.09953,6215403.328,0
8797511350,SAPPORO DRY BEER NR,0.93197644,1445.519303,1347.189933,513159.3701,0
7248001103,SCHAEFER BEER CANS,0.37032047,647.7845879,240.7299957,229963.5352,0
5230000046,SCHILTZ MALT LIQUOR,0.47650215,559.8138297,244.5399957,198733.9116,0
5230000012,SCHLITZ BEER,0.40539667,54617.83888,20358.63001,19389332.95,0
5230000548,SCHLITZ ICE CAN,0.37668771,2957.016705,1117.569987,1049740.955,1
5230000042,SCHLITZ MALT LIQUOR,0.59064543,2747.086509,1618.019948,975215.7324,1
5230000047,SCHLITZ MALT LIQUOR,0.52211916,12882.38241,6749.699875,4573245.838,0
5230000057,SCHLITZ RED BULL NR,0.53717858,1386.205646,744.6399832,492103.0171,1
5230001966,SCHLITZ REGULAR,0.33302736,2831.058588,942.8199787,1005025.82,1
3410010602,SHARPS NON-ALCOHOLIC,0.48041898,303607.0433,142090.0569,107780502.3,1
78036991904,SHIPYARD BLUE FIN ST,1.1974926,1001.666901,1200.829962,355591.7627,0
78036971960,SHIPYARD EXPORT ALE,1.199234,3238.922922,3897.099883,1149817.677,0
78036991902,SHIPYARD GOAT ISLAND,1.1961516,569.8105125,682.0499783,202282.7393,0
78036991907,SHIPYARD GOAT ISLAND,1.2116991,431.8563886,524.2799835,153309.0234,1
78036991993,SHIPYARD OLD THUMPER,1.2125045,2735.090466,3314.439896,970957.1484,1
8378337521,SIERRA NEVADA PALE A,1.060405,80793.13453,84256.30834,28681563.16,0
8378347521,SIERRA NEVADA PORTER,1.0492393,6507.835881,6769.629756,2310281.811,0
8378357521,SIERRA NEVADA STOUT,1.0485287,7029.662358,7319.419744,2495530.215,0
8839400006,SPATEN OKTOBERFEST,0.99866527,653.7825994,652.9099712,232092.8262,0
8839400002,SPATEN PREMIUM LAGER,1.1653874,1835.389672,2138.939953,651563.3506,1
8839400004,SPATEN SPECIAL DARK,1.1653874,1055.648954,1230.23996,374755.3906,0
7336013301,SPECIAL EXPORT CAN,0.50743073,13963.35667,7062.179964,4956991.758,1
7336077661,SPECIAL EXPORT DARK,0.60909927,41314.26182,24354.37924,14666563.25,0
7336077663,SPECIAL EXPORT DARK,0.63655657,36827.75359,22921.24925,13073852.85,1
7336013412,SPECIAL EXPORT LIGHT,0.60796803,3676.777364,2210.179901,1305255.99,1
7336013414,SPECIAL EXPORT LIGHT,0.59575075,2447.186215,1431.859988,868751.1328,1
7336013419,SPECIAL EXPORT LIGHT,0.54143,287.9042606,155.8799992,102206.0156,0
7336050301,SPECIAL EXPORT LIGHT,0.50659251,7197.60652,3632.999971,2555150.391,1
7336050611,SPECIAL EXPORT LIGHT,0.61920142,83216.32876,49346.89881,29541797.19,1
7336050660,SPECIAL EXPORT LIGHT,0.64488214,113128.3817,70765.88778,40160576.33,1
7336050662,SPECIAL EXPORT LIGHT,0.59077847,15378.88602,8717.079909,5459504.674,1
7336050665,SPECIAL EXPORT LIGHT,0.60753179,73091.69486,42398.35993,25947552.26,0
7336050751,SPECIAL EXPORT LIGHT,0.68364829,143.9521303,97.85999584,51103.00781,1
7336013751,SPECIAL EXPORT REG C,0.67022276,1247.585129,833.2199507,442892.7324,0
7336013403,SPECIAL EXPORT REG N,0.60836011,10382.54763,6241.719785,3685804.455,0
7336013405,SPECIAL EXPORT REG N,0.60078746,17922.04043,10451.10011,6362324.486,1
7336013611,SPECIAL EXPORT REG N,0.63260806,316082.8982,188414.1169,112209429.6,1
7336013670,SPECIAL EXPORT REG N,0.72667015,2850.38543,2071.289996,1011886.845,1
7336013752,SPECIAL EXPORT REG N,0.60761672,57316.9409,32583.46994,20347514.31,0
7336013755,SPECIAL EXPORT REG N,0.64528221,285984.9047,179270.5654,101524642.4,1
7336013757,SPECIAL EXPORT REG N,0.61302155,281834.2842,162201.0507,100051172.3,0
8066095935,ST PAULI GIRL BEER N,1.0071677,205143.7851,192835.0394,72826044.85,0
8954031104,ST PAULI GIRL BEER N,1.0411317,39041.01762,39080.50959,13859561.58,1
8066094433,ST PAULI GIRL BIG BT,1.2137595,1680.641169,2038.619935,596627.6152,0
8066095945,ST PAULI GIRL DK BEE,0.96566218,13111.63994,12150.73969,4654632.297,1
8954031108,ST PAULI GIRL DK BEE,1.0171263,7485.510769,7376.889826,2657356.405,0
8066095937,ST PAULI GIRL LAGER,0.94357115,34440.54765,31394.27923,12226394.66,0
2129697507,ST REGIS NON-ALCH CH,2.7006323,1652.112727,4461.980052,586500,1
2129697506,ST REGIS NON-ALCH WH,2.7871728,2002.816958,5554.210119,711000,1
2129697503,ST REGIS NON-ALCHL C,2.9968193,4584.50713,13222.1801,1627500,0
2129697508,ST REGIS NON-ALCHL C,2.8007619,1823.239494,5095.07013,647250,0
74305820299,STATE STREET AMBER A,0.91368461,79581.53715,71253.89913,28251446.21,1
74305821299,STATE STREET MIDNIGH,0.89339137,22204.61623,19515.41957,7882638.958,1
74305822299,STATE STREET SPEAKEA,0.8968364,29732.11318,26168.64948,10554900.42,0
7250900006,STEINLAGERS ALE,1.1743189,407.864367,478.8199844,144791.8555,1
7250904006,STEINLAGERS ALE,1.1653874,149.9501348,174.7499943,53232.2998,1
7204031232,STROH'S,0.36081582,560423.6627,196973.7923,198950397,1
7204031373,STROH'S,0.37741673,8097.307701,3036.280105,2874544.167,0
7204000007,STROHS BEER,0.54606164,1271.577161,684.1100163,451409.8909,1
7204000009,STROHS BEER,0.50766581,149734.2093,75763.24994,53155645.38,1
7204001111,STROHS BEER,0.036820572,4198.604141,151.8199983,1490504.426,1
7204001113,STROHS BEER,0.038506575,16015125.31,596762.1675,5685369439,0
7204031310,STROHS BEER,0.40933552,651719.2902,258705.5046,231360351.4,1
7204001110,STROH'S BEER,0.40215671,45440.88894,18240.0397,16131515.71,0
7204000006,STROHS BEER N.R.BTLS,0.5900777,15610.80909,9194.979967,5541837.2,0
7204001151,STROHS BEER N.R.BTLS,0.66638225,2155.283262,1437.980021,765125.5698,1
7204031313,STROH'S DRAFT LIGHT,0.37687528,239.9202271,90.42000294,85171.67969,0
7204001112,STROH'S LIGHT,0.40113282,15522.8381,6216.999939,5510607.544,1
772,STROHS LIGHT BEER,0.38312736,59.98005676,22.98000145,21292.91992,1
7204000002,STROHS LIGHT BEER,0.50706637,77596.19677,39239.31996,27546650.52,0
7204004441,STROHS LIGHT BEER,0.038316436,5548.155457,208.329998,1969595.133,0
7204004443,STROHS LIGHT BEER,0.038397342,8135695.109,303376.756,2888171720,0
7204031374,STROHS LIGHT BEER,0.36441252,10106.63963,3662.58007,3587856.98,1
7204061321,STROHS LIGHT BEER,0.40426067,274204.8191,108324.9768,97342712.91,0
7204061328,STROHS LIGHT BEER,0.35926732,263372.4304,92530.94098,93497210.99,1
7204001123,STROHS LIGHT LONGNEC,0.50123143,50503.20586,25013.55981,17928638.57,1
7204004456,STROHS NONALCOHOLIC,0.6298216,37997.36471,23816.37874,13489064.78,1
7204001122,STROHS REG LONGNECK,0.50753492,146081.424,72942.61961,51858906.54,1
2556924161,SUMMIT EXTRA PALE AL,1.0080847,1421.527283,1424.129951,504642.2021,0
2556971416,SUMMIT PORTER - UNIO,1.1520497,161.946146,184.7299938,57490.88379,0
8885700060,SUNTORY DRY BEER NR,0.91530424,125.9581132,115.2899952,44715.13184,0
8520000101,SUTTER HOME FRE' CHA,2.3280649,25761.97224,59045.69903,9145500,0
8520000105,SUTTER HOME FRE' SPR,2.4400091,8514.084642,20492.60969,3022500,1
8520000100,SUTTER HOME FRE' WHT,2.1576636,33593.66248,70654.77866,11925750,1
8520000104,SUTTER HOME RED FRE,2.3853042,2666.197237,6174.22006,946500,1
8982690002,TECATE / 4 WRAPPED 6,0.59781075,10340.56153,5915.919987,3670899.395,0
8920000826,TECATE BEER,0.96532089,299.9002724,289.5000019,106464.5996,1
8928600008,TECATE BEER,0.96532089,11.99601078,11.57999992,4258.583984,0
8982600041,TECATE BEER,0.96397787,1025.658928,987.4800043,364108.9307,0
8982600009,TECATE BEER CANS,0.91460568,37115.65813,31426.40917,13176058.87,1
8982690090,TECATE LIGHT CANS,0.92479092,419.8603787,377.2799871,149050.4395,0
8982690027,TECATE LIGHT N.R. BT,0.80867964,695.7686286,556.8399792,246997.8711,0
8982650001,TECATE N.R. BTLS,0.88607085,45069.01318,38350.97908,15999500.05,0
76810940359,TENNENTS LAGER,1.3058352,4105.634854,5241.329781,1457500.366,0
6810940359,TENNENTS LAGERNR BTL,1.1653874,5.99800539,6.989999771,2129.291992,0
245006405,TOSELLI NON-ALCOHOLI,2.8352666,31.69014025,89.849998,11250,1
4185100104,TOSELLI NON-ALCOHOLI,2.6409931,2577.464846,6706.789972,915000,0
3354494405,TSINGTAO BEER,1.0691065,8973.016181,9460.559833,3185420.823,0
8205480441,WARSTEINER,0.86779469,22072.66016,18352.44973,7835794.529,0
8205410441,WARSTEINER GERMAN BE,0.94067502,161.946146,153.7299938,57490.88379,0
8205410444,WARSTEINER GERMAN BE,0.93461168,104335.3062,95155.05852,37039034.28,0
8205430441,WARSTEINER GERMAN BE,1.2139226,3964.548353,4794.049844,1407414.683,0
8205410665,WARSTEINER LIGHT (GE,0.90084571,3352.885038,2965.369909,1190274.225,1
8982600600,WATNEY'S RED,1.2920167,1751.417588,2202.579939,621753.2637,0
7336091405,WEINHARDS BOAR'S HEA,0.74684691,37343.58246,26825.8691,13256971.98,0
8087201512,WEINHARDS PALE ALE W,0.73339283,6849.722273,4878.829795,2431651.46,0
2124260007,WHEAT HOOK N.R.,1.1653874,905.6988158,1055.489965,321523.0908,1
2124260011,WHEAT HOOK N.R.,1.1653874,1175.60906,1370.039955,417341.2305,0
7231111201,WHITBREAD ALE NR BTL,1.2479148,47.98404408,59.87999725,17034.33545,0
7336010122,WINDY CITY ALE NR 6P,0.87321788,2801.068542,2429.429928,994379.3604,1
1820000875,WINTER BREW,0.96915251,2597.136382,2505.459935,921983.4336,0
3682493103,WIT BEER,0.99866527,11.99601078,11.97999954,4258.583984,0
1497460009,WOODCHUCK DARK & DRY,0.99866527,173.9421568,173.7099934,61749.46777,0
1497450009,WOODCHUCK DRAFT CIDE,1.1653874,5038.324582,5871.599836,1788605.273,1
7794202535,WOODPECKER CIDER,1.1653874,203.9321833,237.6599922,72395.92773,0
8332600020,YOUNGS SPECIAL LONDO,1.6655536,71.97606468,119.8799858,25551.50391,1
7199077609,ZIMA CLEARMALT,1.0857956,6174.447038,6703.939915,2191928.695,0
7199077603,ZIMA CLEARMALT L.N.N,0.80906224,366646.0857,295056.3834,130159361.2,0
7199077807,ZIMA GOLD BIG BOTTLE,1.0858154,54.9817189,59.69999957,19518.51031,0
7199077803,ZIMA GOLD LNNR,0.81814396,8703.105933,7159.969879,3089602.68,0
2981520001,ZYWIEC POLISH BEER N,0.99333912,22156.63255,21819.68957,7865604.606,1
